Datetime,Water Level (m)
2025-02-15 06:00:00,-0.61843926
2025-02-15 07:00:00,-0.67306817
2025-02-15 08:00:00,-0.31589252
2025-02-15 09:00:00,-0.00059110357
2025-02-15 10:00:00,0.32670563
2025-02-15 11:00:00,0.5500725
2025-02-15 12:00:00,0.5949259
2025-02-15 13:00:00,0.4158644
2025-02-15 14:00:00,0.17714912
2025-02-15 15:00:00,-0.027644407
2025-02-15 16:00:00,-0.22791255
2025-02-15 17:00:00,-0.44090125
2025-02-15 18:00:00,-0.6098802
2025-02-15 19:00:00,-0.6941512
2025-02-15 20:00:00,-0.3337804
2025-02-15 21:00:00,0.05967989
2025-02-15 22:00:00,0.44229335
2025-02-15 23:00:00,0.68801725
2025-02-16 00:00:00,0.72501105
2025-02-16 01:00:00,0.53445464
2025-02-16 02:00:00,0.27520615
2025-02-16 03:00:00,0.05628558
2025-02-16 04:00:00,-0.14794666
2025-02-16 05:00:00,-0.3721965
2025-02-16 06:00:00,-0.55759025
2025-02-16 07:00:00,-0.6941077
2025-02-16 08:00:00,-0.6212894
2025-02-16 09:00:00,-0.16561112
2025-02-16 10:00:00,0.17475957
2025-02-16 11:00:00,0.5127303
2025-02-16 12:00:00,0.61114854
2025-02-16 13:00:00,0.5447896
2025-02-16 14:00:00,0.29221323
2025-02-16 15:00:00,0.076361686
2025-02-16 16:00:00,-0.11958794
2025-02-16 17:00:00,-0.32623976
2025-02-16 18:00:00,-0.519348
2025-02-16 19:00:00,-0.65018314
2025-02-16 20:00:00,-0.5885959
2025-02-16 21:00:00,-0.16219267
2025-02-16 22:00:00,0.18035135
2025-02-16 23:00:00,0.53001684
2025-02-17 00:00:00,0.6471039
2025-02-17 01:00:00,0.58554256
2025-02-17 02:00:00,0.32962865
2025-02-17 03:00:00,0.10594405
2025-02-17 04:00:00,-0.09326366
2025-02-17 05:00:00,-0.30397934
2025-02-17 06:00:00,-0.5066612
2025-02-17 07:00:00,-0.6568779
2025-02-17 08:00:00,-0.7257857
2025-02-17 09:00:00,-0.38292953
2025-02-17 10:00:00,-0.03776516
2025-02-17 11:00:00,0.3024998
2025-02-17 12:00:00,0.51545954
2025-02-17 13:00:00,0.556716
2025-02-17 14:00:00,0.37826908
2025-02-17 15:00:00,0.14301755
2025-02-17 16:00:00,-0.05495696
2025-02-17 17:00:00,-0.24573602
2025-02-17 18:00:00,-0.44974232
2025-02-17 19:00:00,-0.6048238
2025-02-17 20:00:00,-0.6775822
2025-02-17 21:00:00,-0.41091242
2025-02-17 22:00:00,-0.06951944
2025-02-17 23:00:00,0.25359523
2025-02-18 00:00:00,0.47816822
2025-02-18 01:00:00,0.507464
2025-02-18 02:00:00,0.34176436
2025-02-18 03:00:00,0.11228381
2025-02-18 04:00:00,-0.0811383
2025-02-18 05:00:00,-0.2745512
2025-02-18 06:00:00,-0.47659755
2025-02-18 07:00:00,-0.6367338
2025-02-18 08:00:00,-0.75016254
2025-02-18 09:00:00,-0.6251088
2025-02-18 10:00:00,-0.2505863
2025-02-18 11:00:00,0.057770614
2025-02-18 12:00:00,0.37082624
2025-02-18 13:00:00,0.50598556
2025-02-18 14:00:00,0.4847185
2025-02-18 15:00:00,0.26483998
2025-02-18 16:00:00,0.0513548
2025-02-18 17:00:00,-0.1336472
2025-02-18 18:00:00,-0.32294604
2025-02-18 19:00:00,-0.50835013
2025-02-18 20:00:00,-0.6216909
2025-02-18 21:00:00,-0.5524533
2025-02-18 22:00:00,-0.24321248
2025-02-18 23:00:00,0.026708983
2025-02-19 00:00:00,0.294038
2025-02-19 01:00:00,0.39435184
2025-02-19 02:00:00,0.34704846
2025-02-19 03:00:00,0.14171442
2025-02-19 04:00:00,-0.047559768
2025-02-19 05:00:00,-0.22970788
2025-02-19 06:00:00,-0.42265332
2025-02-19 07:00:00,-0.58782715
2025-02-19 08:00:00,-0.7133896
2025-02-19 09:00:00,-0.73673487
2025-02-19 10:00:00,-0.44840646
2025-02-19 11:00:00,-0.14913173
2025-02-19 12:00:00,0.15537158
2025-02-19 13:00:00,0.38604435
2025-02-19 14:00:00,0.4883364
2025-02-19 15:00:00,0.3795998
2025-02-19 16:00:00,0.15988924
2025-02-19 17:00:00,-0.030790841
2025-02-19 18:00:00,-0.20787343
2025-02-19 19:00:00,-0.39308915
2025-02-19 20:00:00,-0.542409
2025-02-19 21:00:00,-0.6003818
2025-02-19 22:00:00,-0.4477793
2025-02-19 23:00:00,-0.21485665
2025-02-20 00:00:00,0.013643404
2025-02-20 01:00:00,0.20501624
2025-02-20 02:00:00,0.24836226
2025-02-20 03:00:00,0.14893378
2025-02-20 04:00:00,-0.024170095
2025-02-20 05:00:00,-0.19759597
2025-02-20 06:00:00,-0.3712936
2025-02-20 07:00:00,-0.53563184
2025-02-20 08:00:00,-0.6625303
2025-02-20 09:00:00,-0.7456295
2025-02-20 10:00:00,-0.66385436
2025-02-20 11:00:00,-0.40849376
2025-02-20 12:00:00,-0.1378297
2025-02-20 13:00:00,0.13766709
2025-02-20 14:00:00,0.32855147
2025-02-20 15:00:00,0.4004075
2025-02-20 16:00:00,0.2788746
2025-02-20 17:00:00,0.07707176
2025-02-20 18:00:00,-0.10053876
2025-02-20 19:00:00,-0.2605804
2025-02-20 20:00:00,-0.42327473
2025-02-20 21:00:00,-0.5411371
2025-02-20 22:00:00,-0.58272785
2025-02-20 23:00:00,-0.487032
2025-02-21 00:00:00,-0.32414317
2025-02-21 01:00:00,-0.15236318
2025-02-21 02:00:00,-0.015557591
2025-02-21 03:00:00,-0.0035905077
2025-02-21 04:00:00,-0.078410394
2025-02-21 05:00:00,-0.20341101
2025-02-21 06:00:00,-0.3490889
